# slug	danish	english	target_sounds	how to make the anglicised version
mad	mad	food	soft_d	Say it like English "mad", with a hard D at the end.
rod	rød	red	soft_d,front_rounded,danish_r	Say "rod" as in English "fishing rod": English R, hard D.
tid	tid	time	soft_d,stod	Say English "tid" with a clear hard D.
hvad	hvad	what	soft_d	Read it as spelled in English: "h-vad" with a hard D.
flode	fløde	cream	soft_d,front_rounded	Say "floh-dee" with an English O and a hard D.
rodgrod	rødgrød	red berry pudding	soft_d,front_rounded,danish_r	Say "rod-grod" like two English words.
hund	hund	dog	stod	Say English "hund" (like "hunt" with a D), no creak in the voice.
mand	mand	man	stod	Say English "mand", sounding the D, no creak.
hus	hus	house	stod,vowel_length	Say it like English "hus" with a short U.
vin	vin	wine	vowel_length,stod	Say it like English "vin" (short I, as in "win").
laese	læse	to read	vowel_length	Say "lay-see" as an English speaker would read it.
mase	mase	to squash	vowel_length	Say it like English "mass-uh" with a short A.
ol	øl	beer	front_rounded	Say "ool" or "earl" (English vowels).
syv	syv	seven	front_rounded	Say "siv" with an English I.
son	søn	son	front_rounded	Say English "son".
tre	tre	three	danish_r	Say it like English "tray" with an English R.
ret	ret	dish	danish_r	Say English "ret" with a clear English R.
ro	ro	calm	danish_r,vowel_length	Say English "row" with an English R.
mor	mor	mother	danish_r	Say English "more" with an American R at the end.
godmorgen	godmorgen	good morning	soft_d,danish_r	Read it as English: "god-morgan".
tak	tak	thanks	vowel_length	Control word: say "tack" like English.
selvfolgelig	selvfølgelig	of course	front_rounded	Read letter by letter the English way: "selv-fol-ge-lig".
